insert into `users` (`fname`,`lname`,`username`,`type`,`ppp_id`,`date_created`) values ("Leonidas",	"Hall",		"Leo",	 	0,	NULL,	CURRENT_TIMESTAMP);
insert into `users` (`fname`,`lname`,`username`,`type`,`ppp_id`,`date_created`) values ("Jimmy", 	"Rodrick",	"Jman",		0,	NULL,	CURRENT_TIMESTAMP);
insert into `users` (`fname`,`lname`,`username`,`type`,`ppp_id`,`date_created`) values ("Jonah", 	"Hill",		"Jojo",		0,	NULL,	CURRENT_TIMESTAMP);
insert into `users` (`fname`,`lname`,`username`,`type`,`ppp_id`,`date_created`) values ("Buddy", 	"Kippling",	"Bud",		0,	NULL,	CURRENT_TIMESTAMP);
insert into `users` (`fname`,`lname`,`username`,`type`,`ppp_id`,`date_created`) values ("Tom", 		"Jonas",	"Tommy",	0,	NULL,	CURRENT_TIMESTAMP);
insert into `users` (`fname`,`lname`,`username`,`type`,`ppp_id`,`date_created`) values ("Roxanne", 	"Jones",	"Roxy",		1,	1,	CURRENT_TIMESTAMP);
insert into `users` (`fname`,`lname`,`username`,`type`,`ppp_id`,`date_created`) values ("Sebastien", 	"Murray",	"Seb",		1,	2,	CURRENT_TIMESTAMP);
insert into `users` (`fname`,`lname`,`username`,`type`,`ppp_id`,`date_created`) values ("Julie", 	"Seguin",	"Ju",		1,	3,	CURRENT_TIMESTAMP);
insert into `users` (`fname`,`lname`,`username`,`type`,`ppp_id`,`date_created`) values ("Micheline", 	"Leduc",	"Mich",		1,	4,	CURRENT_TIMESTAMP);
insert into `users` (`fname`,`lname`,`username`,`type`,`ppp_id`,`date_created`) values ("Derek", 	"Joy",		"Derek123",	1,	5,	CURRENT_TIMESTAMP);
insert into `users` (`fname`,`lname`,`username`,`type`,`ppp_id`,`date_created`) values ("Jeff", 	"Fox",		"JF",		1,	6,	CURRENT_TIMESTAMP);
insert into `users` (`fname`,`lname`,`username`,`type`,`ppp_id`,`date_created`) values ("Stephan", 	"Sully",	"SS",		1,	7,	CURRENT_TIMESTAMP);
insert into `users` (`fname`,`lname`,`username`,`type`,`ppp_id`,`date_created`) values ("Charlie", 	"Li",		"charles",	1,	8,	CURRENT_TIMESTAMP);
insert into `users` (`fname`,`lname`,`username`,`type`,`ppp_id`,`date_created`) values ("Dabeluchi ", 	"Ndubisi",	"dabby",	1,	9,	CURRENT_TIMESTAMP);
insert into `users` (`fname`,`lname`,`username`,`type`,`ppp_id`,`date_created`) values ("Pierre", 	"Seguin",	"pseguin",	1,	10,	CURRENT_TIMESTAMP);
insert into `users` (`fname`,`lname`,`username`,`type`,`ppp_id`,`date_created`) values ("Thomas", 	"Rhett",	"tomR",		1,	11,	CURRENT_TIMESTAMP);
insert into `users` (`fname`,`lname`,`username`,`type`,`ppp_id`,`date_created`) values ("Brandon", 	"Cross",	"bran",		1,	12,	CURRENT_TIMESTAMP);
insert into `users` (`fname`,`lname`,`username`,`type`,`ppp_id`,`date_created`) values ("Ashleigh", 	"Robinson",	"ashleigh",	1,	13,	CURRENT_TIMESTAMP);
insert into `users` (`fname`,`lname`,`username`,`type`,`ppp_id`,`date_created`) values ("Brianna", 	"Cowman",	"bri",		1,	14,	CURRENT_TIMESTAMP);
insert into `users` (`fname`,`lname`,`username`,`type`,`ppp_id`,`date_created`) values ("Donna", 	"Paulsen",	"imDonna",	1,	15,	CURRENT_TIMESTAMP);
insert into `users` (`fname`,`lname`,`username`,`type`,`ppp_id`,`date_created`) values ("Jessica", 	"Pearson",	"jess",		1,	16,	CURRENT_TIMESTAMP);
insert into `users` (`fname`,`lname`,`username`,`type`,`ppp_id`,`date_created`) values ("Mike",		"Ross",		"mikey",	1,	17,	CURRENT_TIMESTAMP);
insert into `users` (`fname`,`lname`,`username`,`type`,`ppp_id`,`date_created`) values ("Harvey",	"Specter",	"harv",		1,	18,	CURRENT_TIMESTAMP);
insert into `users` (`fname`,`lname`,`username`,`type`,`ppp_id`,`date_created`) values ("Louis",	"Litt",		"lewis",	1,	19,	CURRENT_TIMESTAMP);
insert into `users` (`fname`,`lname`,`username`,`type`,`ppp_id`,`date_created`) values ("Amy",		"FarrahFowler",	"amy",		1,	20,	CURRENT_TIMESTAMP);
insert into `users` (`fname`,`lname`,`username`,`type`,`ppp_id`,`date_created`) values ("Rajesh",	"Koothrappali",	"raj",		1,	21,	CURRENT_TIMESTAMP);
insert into `users` (`fname`,`lname`,`username`,`type`,`ppp_id`,`date_created`) values ("Howard",	"Wolowitz",	"howie",	1,	22,	CURRENT_TIMESTAMP);
insert into `users` (`fname`,`lname`,`username`,`type`,`ppp_id`,`date_created`) values ("Sheldon",	"Cooper",	"shelby",	1,	23,	CURRENT_TIMESTAMP);
insert into `users` (`fname`,`lname`,`username`,`type`,`ppp_id`,`date_created`) values ("Penny",	"Cuoco",	"penny",	1,	24,	CURRENT_TIMESTAMP);
insert into `users` (`fname`,`lname`,`username`,`type`,`ppp_id`,`date_created`) values ("Leonard",	"Hofstadter",	"lenny",	1,	25,	CURRENT_TIMESTAMP);

insert into `ppp` (`ppp_id`, `bio`, `personal_tech_score`, `we_bs`, `teammate_tech_score`) values  (1,"",50,158,107);
insert into `ppp` (`ppp_id`, `bio`, `personal_tech_score`, `we_bs`, `teammate_tech_score`) values  (2,"",66,186,81);
insert into `ppp` (`ppp_id`, `bio`, `personal_tech_score`, `we_bs`, `teammate_tech_score`) values  (3,"",58,170,103);
insert into `ppp` (`ppp_id`, `bio`, `personal_tech_score`, `we_bs`, `teammate_tech_score`) values  (4,"",49,218,79);
insert into `ppp` (`ppp_id`, `bio`, `personal_tech_score`, `we_bs`, `teammate_tech_score`) values  (5,"",49,155,61);
insert into `ppp` (`ppp_id`, `bio`, `personal_tech_score`, `we_bs`, `teammate_tech_score`) values  (6,"",50,78,59);
insert into `ppp` (`ppp_id`, `bio`, `personal_tech_score`, `we_bs`, `teammate_tech_score`) values  (7,"",58,90,67);
insert into `ppp` (`ppp_id`, `bio`, `personal_tech_score`, `we_bs`, `teammate_tech_score`) values  (8,"",61,55,55);
insert into `ppp` (`ppp_id`, `bio`, `personal_tech_score`, `we_bs`, `teammate_tech_score`) values  (9,"",61,213,57);
insert into `ppp` (`ppp_id`, `bio`, `personal_tech_score`, `we_bs`, `teammate_tech_score`) values  (10,"",69,167,86);
insert into `ppp` (`ppp_id`, `bio`, `personal_tech_score`, `we_bs`, `teammate_tech_score`) values  (11,"",69,227,60);
insert into `ppp` (`ppp_id`, `bio`, `personal_tech_score`, `we_bs`, `teammate_tech_score`) values  (12,"",69,31,71);
insert into `ppp` (`ppp_id`, `bio`, `personal_tech_score`, `we_bs`, `teammate_tech_score`) values  (13,"",63,151,60);
insert into `ppp` (`ppp_id`, `bio`, `personal_tech_score`, `we_bs`, `teammate_tech_score`) values  (14,"",72,107,50);
insert into `ppp` (`ppp_id`, `bio`, `personal_tech_score`, `we_bs`, `teammate_tech_score`) values  (15,"",66,182,72);
insert into `ppp` (`ppp_id`, `bio`, `personal_tech_score`, `we_bs`, `teammate_tech_score`) values  (16,"",58,117,76);
insert into `ppp` (`ppp_id`, `bio`, `personal_tech_score`, `we_bs`, `teammate_tech_score`) values  (17,"",57,181,64);
insert into `ppp` (`ppp_id`, `bio`, `personal_tech_score`, `we_bs`, `teammate_tech_score`) values  (18,"",62,155,63);
insert into `ppp` (`ppp_id`, `bio`, `personal_tech_score`, `we_bs`, `teammate_tech_score`) values  (19,"",67,115,87);
insert into `ppp` (`ppp_id`, `bio`, `personal_tech_score`, `we_bs`, `teammate_tech_score`) values  (20,"",71,158,62);
insert into `ppp` (`ppp_id`, `bio`, `personal_tech_score`, `we_bs`, `teammate_tech_score`) values  (21,"",69,213,64);
insert into `ppp` (`ppp_id`, `bio`, `personal_tech_score`, `we_bs`, `teammate_tech_score`) values  (22,"",78,143,78);
insert into `ppp` (`ppp_id`, `bio`, `personal_tech_score`, `we_bs`, `teammate_tech_score`) values  (23,"",67,227,61);
insert into `ppp` (`ppp_id`, `bio`, `personal_tech_score`, `we_bs`, `teammate_tech_score`) values  (24,"",81,173,47);
insert into `ppp` (`ppp_id`, `bio`, `personal_tech_score`, `we_bs`, `teammate_tech_score`) values  (25,"",64,211,77);


INSERT INTO "ppp_qualifications" (`qualification_id`,`ppp_id`,`value`) VALUES(1,1,104);
INSERT INTO "ppp_qualifications" (`qualification_id`,`ppp_id`,`value`) VALUES(2,1,10);
INSERT INTO "ppp_qualifications" (`qualification_id`,`ppp_id`,`value`) VALUES(3,1,10);
INSERT INTO "ppp_qualifications" (`qualification_id`,`ppp_id`,`value`) VALUES(4,1,4);
INSERT INTO "ppp_qualifications" (`qualification_id`,`ppp_id`,`value`) VALUES(5,1,7);
INSERT INTO "ppp_qualifications" (`qualification_id`,`ppp_id`,`value`) VALUES(6,1,4);
INSERT INTO "ppp_qualifications" (`qualification_id`,`ppp_id`,`value`) VALUES(7,1,10);
INSERT INTO "ppp_qualifications" (`qualification_id`,`ppp_id`,`value`) VALUES(8,1,1);
INSERT INTO "ppp_qualifications" (`qualification_id`,`ppp_id`,`value`) VALUES(9,1,1);
INSERT INTO "ppp_qualifications" (`qualification_id`,`ppp_id`,`value`) VALUES(10,1,1);
INSERT INTO "ppp_qualifications" (`qualification_id`,`ppp_id`,`value`) VALUES(11,1,1);
INSERT INTO "ppp_qualifications" (`qualification_id`,`ppp_id`,`value`) VALUES(12,1,1);
INSERT INTO "ppp_qualifications" (`qualification_id`,`ppp_id`,`value`) VALUES(13,1,158);
INSERT INTO "ppp_qualifications" (`qualification_id`,`ppp_id`,`value`) VALUES(14,1,10);
INSERT INTO "ppp_qualifications" (`qualification_id`,`ppp_id`,`value`) VALUES(15,1,10);
INSERT INTO "ppp_qualifications" (`qualification_id`,`ppp_id`,`value`) VALUES(16,1,10);
INSERT INTO "ppp_qualifications" (`qualification_id`,`ppp_id`,`value`) VALUES(17,1,10);
INSERT INTO "ppp_qualifications" (`qualification_id`,`ppp_id`,`value`) VALUES(18,1,10);
INSERT INTO "ppp_qualifications" (`qualification_id`,`ppp_id`,`value`) VALUES(19,1,10);
INSERT INTO "ppp_qualifications" (`qualification_id`,`ppp_id`,`value`) VALUES(20,1,10);
INSERT INTO "ppp_qualifications" (`qualification_id`,`ppp_id`,`value`) VALUES(21,1,7);
INSERT INTO "ppp_qualifications" (`qualification_id`,`ppp_id`,`value`) VALUES(22,1,10);
INSERT INTO "ppp_qualifications" (`qualification_id`,`ppp_id`,`value`) VALUES(23,1,10);
INSERT INTO "ppp_qualifications" (`qualification_id`,`ppp_id`,`value`) VALUES(24,1,10);
INSERT INTO "ppp_qualifications" (`qualification_id`,`ppp_id`,`value`) VALUES(25,1,100);


INSERT INTO "ppp_qualifications" (`qualification_id`,`ppp_id`,`value`) VALUES(1,2,87);
INSERT INTO "ppp_qualifications" (`qualification_id`,`ppp_id`,`value`) VALUES(2,2,8);
INSERT INTO "ppp_qualifications" (`qualification_id`,`ppp_id`,`value`) VALUES(3,2,5);
INSERT INTO "ppp_qualifications" (`qualification_id`,`ppp_id`,`value`) VALUES(4,2,4);
INSERT INTO "ppp_qualifications" (`qualification_id`,`ppp_id`,`value`) VALUES(5,2,7);
INSERT INTO "ppp_qualifications" (`qualification_id`,`ppp_id`,`value`) VALUES(6,2,3);
INSERT INTO "ppp_qualifications" (`qualification_id`,`ppp_id`,`value`) VALUES(7,2,8);
INSERT INTO "ppp_qualifications" (`qualification_id`,`ppp_id`,`value`) VALUES(8,2,9);
INSERT INTO "ppp_qualifications" (`qualification_id`,`ppp_id`,`value`) VALUES(9,2,3);
INSERT INTO "ppp_qualifications" (`qualification_id`,`ppp_id`,`value`) VALUES(10,2,4);
INSERT INTO "ppp_qualifications" (`qualification_id`,`ppp_id`,`value`) VALUES(11,2,6);
INSERT INTO "ppp_qualifications" (`qualification_id`,`ppp_id`,`value`) VALUES(12,2,9);
INSERT INTO "ppp_qualifications" (`qualification_id`,`ppp_id`,`value`) VALUES(13,2,186);
INSERT INTO "ppp_qualifications" (`qualification_id`,`ppp_id`,`value`) VALUES(14,2,10);
INSERT INTO "ppp_qualifications" (`qualification_id`,`ppp_id`,`value`) VALUES(15,2,8);
INSERT INTO "ppp_qualifications" (`qualification_id`,`ppp_id`,`value`) VALUES(16,2,5);
INSERT INTO "ppp_qualifications" (`qualification_id`,`ppp_id`,`value`) VALUES(17,2,6);
INSERT INTO "ppp_qualifications" (`qualification_id`,`ppp_id`,`value`) VALUES(18,2,10);
INSERT INTO "ppp_qualifications" (`qualification_id`,`ppp_id`,`value`) VALUES(19,2,8);
INSERT INTO "ppp_qualifications" (`qualification_id`,`ppp_id`,`value`) VALUES(20,2,5);
INSERT INTO "ppp_qualifications" (`qualification_id`,`ppp_id`,`value`) VALUES(21,2,7);
INSERT INTO "ppp_qualifications" (`qualification_id`,`ppp_id`,`value`) VALUES(22,2,9);
INSERT INTO "ppp_qualifications" (`qualification_id`,`ppp_id`,`value`) VALUES(23,2,6);
INSERT INTO "ppp_qualifications" (`qualification_id`,`ppp_id`,`value`) VALUES(24,2,7);
INSERT INTO "ppp_qualifications" (`qualification_id`,`ppp_id`,`value`) VALUES(25,2,7,90);



INSERT INTO "ppp_qualifications" (`qualification_id`,`ppp_id`,`value`) VALUES(1,3,66);
INSERT INTO "ppp_qualifications" (`qualification_id`,`ppp_id`,`value`) VALUES(2,3,4);
INSERT INTO "ppp_qualifications" (`qualification_id`,`ppp_id`,`value`) VALUES(3,3,5);
INSERT INTO "ppp_qualifications" (`qualification_id`,`ppp_id`,`value`) VALUES(4,3,3);
INSERT INTO "ppp_qualifications" (`qualification_id`,`ppp_id`,`value`) VALUES(5,3,9);
INSERT INTO "ppp_qualifications" (`qualification_id`,`ppp_id`,`value`) VALUES(6,3,5);
INSERT INTO "ppp_qualifications" (`qualification_id`,`ppp_id`,`value`) VALUES(7,3,4);
INSERT INTO "ppp_qualifications" (`qualification_id`,`ppp_id`,`value`) VALUES(8,3,8);
INSERT INTO "ppp_qualifications" (`qualification_id`,`ppp_id`,`value`) VALUES(9,3,4);
INSERT INTO "ppp_qualifications" (`qualification_id`,`ppp_id`,`value`) VALUES(10,3,6);
INSERT INTO "ppp_qualifications" (`qualification_id`,`ppp_id`,`value`) VALUES(11,3,7);
INSERT INTO "ppp_qualifications" (`qualification_id`,`ppp_id`,`value`) VALUES(12,3,3);
INSERT INTO "ppp_qualifications" (`qualification_id`,`ppp_id`,`value`) VALUES(13,3,170);
INSERT INTO "ppp_qualifications" (`qualification_id`,`ppp_id`,`value`) VALUES(14,3,5);
INSERT INTO "ppp_qualifications" (`qualification_id`,`ppp_id`,`value`) VALUES(15,3,6);
INSERT INTO "ppp_qualifications" (`qualification_id`,`ppp_id`,`value`) VALUES(16,3,3);
INSERT INTO "ppp_qualifications" (`qualification_id`,`ppp_id`,`value`) VALUES(17,3,9);
INSERT INTO "ppp_qualifications" (`qualification_id`,`ppp_id`,`value`) VALUES(18,3,9);
INSERT INTO "ppp_qualifications" (`qualification_id`,`ppp_id`,`value`) VALUES(19,3,6);
INSERT INTO "ppp_qualifications" (`qualification_id`,`ppp_id`,`value`) VALUES(20,3,4);
INSERT INTO "ppp_qualifications" (`qualification_id`,`ppp_id`,`value`) VALUES(21,3,8);
INSERT INTO "ppp_qualifications" (`qualification_id`,`ppp_id`,`value`) VALUES(22,3,3);
INSERT INTO "ppp_qualifications" (`qualification_id`,`ppp_id`,`value`) VALUES(23,3,5);
INSERT INTO "ppp_qualifications" (`qualification_id`,`ppp_id`,`value`) VALUES(24,3,6);
INSERT INTO "ppp_qualifications" (`qualification_id`,`ppp_id`,`value`) VALUES(25,3,80);


INSERT INTO "ppp_qualifications" (`qualification_id`,`ppp_id`,`value`) VALUES(1,4,99);
INSERT INTO "ppp_qualifications" (`qualification_id`,`ppp_id`,`value`) VALUES(2,4,3);
INSERT INTO "ppp_qualifications" (`qualification_id`,`ppp_id`,`value`) VALUES(3,4,4);
INSERT INTO "ppp_qualifications" (`qualification_id`,`ppp_id`,`value`) VALUES(4,4,4);
INSERT INTO "ppp_qualifications" (`qualification_id`,`ppp_id`,`value`) VALUES(5,4,3);
INSERT INTO "ppp_qualifications" (`qualification_id`,`ppp_id`,`value`) VALUES(6,4,8);
INSERT INTO "ppp_qualifications" (`qualification_id`,`ppp_id`,`value`) VALUES(7,4,5);
INSERT INTO "ppp_qualifications" (`qualification_id`,`ppp_id`,`value`) VALUES(8,4,4);
INSERT INTO "ppp_qualifications" (`qualification_id`,`ppp_id`,`value`) VALUES(9,4,3);
INSERT INTO "ppp_qualifications" (`qualification_id`,`ppp_id`,`value`) VALUES(10,4,5);
INSERT INTO "ppp_qualifications" (`qualification_id`,`ppp_id`,`value`) VALUES(11,4,5);
INSERT INTO "ppp_qualifications" (`qualification_id`,`ppp_id`,`value`) VALUES(12,4,5);
INSERT INTO "ppp_qualifications" (`qualification_id`,`ppp_id`,`value`) VALUES(13,4,218);
INSERT INTO "ppp_qualifications" (`qualification_id`,`ppp_id`,`value`) VALUES(14,4,4);
INSERT INTO "ppp_qualifications" (`qualification_id`,`ppp_id`,`value`) VALUES(15,4,4);
INSERT INTO "ppp_qualifications" (`qualification_id`,`ppp_id`,`value`) VALUES(16,4,8);
INSERT INTO "ppp_qualifications" (`qualification_id`,`ppp_id`,`value`) VALUES(17,4,9);
INSERT INTO "ppp_qualifications" (`qualification_id`,`ppp_id`,`value`) VALUES(18,4,9);
INSERT INTO "ppp_qualifications" (`qualification_id`,`ppp_id`,`value`) VALUES(19,4,9);
INSERT INTO "ppp_qualifications" (`qualification_id`,`ppp_id`,`value`) VALUES(20,4,9);
INSERT INTO "ppp_qualifications" (`qualification_id`,`ppp_id`,`value`) VALUES(21,4,7);
INSERT INTO "ppp_qualifications" (`qualification_id`,`ppp_id`,`value`) VALUES(22,4,8);
INSERT INTO "ppp_qualifications" (`qualification_id`,`ppp_id`,`value`) VALUES(23,4,9);
INSERT INTO "ppp_qualifications" (`qualification_id`,`ppp_id`,`value`) VALUES(24,4,3);
INSERT INTO "ppp_qualifications" (`qualification_id`,`ppp_id`,`value`) VALUES(25,4,70);


INSERT INTO "ppp_qualifications" (`qualification_id`,`ppp_id`,`value`) VALUES(1,5,74);
INSERT INTO "ppp_qualifications" (`qualification_id`,`ppp_id`,`value`) VALUES(2,5,3);
INSERT INTO "ppp_qualifications" (`qualification_id`,`ppp_id`,`value`) VALUES(3,5,2);
INSERT INTO "ppp_qualifications" (`qualification_id`,`ppp_id`,`value`) VALUES(4,5,3);
INSERT INTO "ppp_qualifications" (`qualification_id`,`ppp_id`,`value`) VALUES(5,5,4);
INSERT INTO "ppp_qualifications" (`qualification_id`,`ppp_id`,`value`) VALUES(6,5,6);
INSERT INTO "ppp_qualifications" (`qualification_id`,`ppp_id`,`value`) VALUES(7,5,7);
INSERT INTO "ppp_qualifications" (`qualification_id`,`ppp_id`,`value`) VALUES(8,5,6);
INSERT INTO "ppp_qualifications" (`qualification_id`,`ppp_id`,`value`) VALUES(9,5,1);
INSERT INTO "ppp_qualifications" (`qualification_id`,`ppp_id`,`value`) VALUES(10,5,5);
INSERT INTO "ppp_qualifications" (`qualification_id`,`ppp_id`,`value`) VALUES(11,5,4);
INSERT INTO "ppp_qualifications" (`qualification_id`,`ppp_id`,`value`) VALUES(12,5,8);
INSERT INTO "ppp_qualifications" (`qualification_id`,`ppp_id`,`value`) VALUES(13,5,155);
INSERT INTO "ppp_qualifications" (`qualification_id`,`ppp_id`,`value`) VALUES(14,5,3);
INSERT INTO "ppp_qualifications" (`qualification_id`,`ppp_id`,`value`) VALUES(15,5,7);
INSERT INTO "ppp_qualifications" (`qualification_id`,`ppp_id`,`value`) VALUES(16,5,8);
INSERT INTO "ppp_qualifications" (`qualification_id`,`ppp_id`,`value`) VALUES(17,5,9);
INSERT INTO "ppp_qualifications" (`qualification_id`,`ppp_id`,`value`) VALUES(18,5,4);
INSERT INTO "ppp_qualifications" (`qualification_id`,`ppp_id`,`value`) VALUES(19,5,5);
INSERT INTO "ppp_qualifications" (`qualification_id`,`ppp_id`,`value`) VALUES(20,5,6);
INSERT INTO "ppp_qualifications" (`qualification_id`,`ppp_id`,`value`) VALUES(21,5,3);
INSERT INTO "ppp_qualifications" (`qualification_id`,`ppp_id`,`value`) VALUES(22,5,4);
INSERT INTO "ppp_qualifications" (`qualification_id`,`ppp_id`,`value`) VALUES(23,5,9);
INSERT INTO "ppp_qualifications" (`qualification_id`,`ppp_id`,`value`) VALUES(24,5,3);
INSERT INTO "ppp_qualifications" (`qualification_id`,`ppp_id`,`value`) VALUES(25,5,60);


INSERT INTO "ppp_qualifications" (`qualification_id`,`ppp_id`,`value`) VALUES(1,6,83);
INSERT INTO "ppp_qualifications" (`qualification_id`,`ppp_id`,`value`) VALUES(2,6,5);
INSERT INTO "ppp_qualifications" (`qualification_id`,`ppp_id`,`value`) VALUES(3,6,4);
INSERT INTO "ppp_qualifications" (`qualification_id`,`ppp_id`,`value`) VALUES(4,6,5);
INSERT INTO "ppp_qualifications" (`qualification_id`,`ppp_id`,`value`) VALUES(5,6,6);
INSERT INTO "ppp_qualifications" (`qualification_id`,`ppp_id`,`value`) VALUES(6,6,2);
INSERT INTO "ppp_qualifications" (`qualification_id`,`ppp_id`,`value`) VALUES(7,6,4);
INSERT INTO "ppp_qualifications" (`qualification_id`,`ppp_id`,`value`) VALUES(8,6,6);
INSERT INTO "ppp_qualifications" (`qualification_id`,`ppp_id`,`value`) VALUES(9,6,2);
INSERT INTO "ppp_qualifications" (`qualification_id`,`ppp_id`,`value`) VALUES(10,6,3);
INSERT INTO "ppp_qualifications" (`qualification_id`,`ppp_id`,`value`) VALUES(11,6,9);
INSERT INTO "ppp_qualifications" (`qualification_id`,`ppp_id`,`value`) VALUES(12,6,4);
INSERT INTO "ppp_qualifications" (`qualification_id`,`ppp_id`,`value`) VALUES(13,6,78);
INSERT INTO "ppp_qualifications" (`qualification_id`,`ppp_id`,`value`) VALUES(14,6,4);
INSERT INTO "ppp_qualifications" (`qualification_id`,`ppp_id`,`value`) VALUES(15,6,3);
INSERT INTO "ppp_qualifications" (`qualification_id`,`ppp_id`,`value`) VALUES(16,6,3);
INSERT INTO "ppp_qualifications" (`qualification_id`,`ppp_id`,`value`) VALUES(17,6,4);
INSERT INTO "ppp_qualifications" (`qualification_id`,`ppp_id`,`value`) VALUES(18,6,3);
INSERT INTO "ppp_qualifications" (`qualification_id`,`ppp_id`,`value`) VALUES(19,6,9);
INSERT INTO "ppp_qualifications" (`qualification_id`,`ppp_id`,`value`) VALUES(20,6,9);
INSERT INTO "ppp_qualifications" (`qualification_id`,`ppp_id`,`value`) VALUES(21,6,4);
INSERT INTO "ppp_qualifications" (`qualification_id`,`ppp_id`,`value`) VALUES(22,6,6);
INSERT INTO "ppp_qualifications" (`qualification_id`,`ppp_id`,`value`) VALUES(23,6,8);
INSERT INTO "ppp_qualifications" (`qualification_id`,`ppp_id`,`value`) VALUES(24,6,6);
INSERT INTO "ppp_qualifications" (`qualification_id`,`ppp_id`,`value`) VALUES(25,6,6,50);


INSERT INTO "ppp_qualifications" (`qualification_id`,`ppp_id`,`value`) VALUES(1,7,93);
INSERT INTO "ppp_qualifications" (`qualification_id`,`ppp_id`,`value`) VALUES(2,7,3);
INSERT INTO "ppp_qualifications" (`qualification_id`,`ppp_id`,`value`) VALUES(3,7,5);
INSERT INTO "ppp_qualifications" (`qualification_id`,`ppp_id`,`value`) VALUES(4,7,4);
INSERT INTO "ppp_qualifications" (`qualification_id`,`ppp_id`,`value`) VALUES(5,7,5);
INSERT INTO "ppp_qualifications" (`qualification_id`,`ppp_id`,`value`) VALUES(6,7,6);
INSERT INTO "ppp_qualifications" (`qualification_id`,`ppp_id`,`value`) VALUES(7,7,7);
INSERT INTO "ppp_qualifications" (`qualification_id`,`ppp_id`,`value`) VALUES(8,7,8);
INSERT INTO "ppp_qualifications" (`qualification_id`,`ppp_id`,`value`) VALUES(9,7,8);
INSERT INTO "ppp_qualifications" (`qualification_id`,`ppp_id`,`value`) VALUES(10,7,3);
INSERT INTO "ppp_qualifications" (`qualification_id`,`ppp_id`,`value`) VALUES(11,7,4);
INSERT INTO "ppp_qualifications" (`qualification_id`,`ppp_id`,`value`) VALUES(12,7,5);
INSERT INTO "ppp_qualifications" (`qualification_id`,`ppp_id`,`value`) VALUES(13,7,90);
INSERT INTO "ppp_qualifications" (`qualification_id`,`ppp_id`,`value`) VALUES(14,7,3);
INSERT INTO "ppp_qualifications" (`qualification_id`,`ppp_id`,`value`) VALUES(15,7,10);
INSERT INTO "ppp_qualifications" (`qualification_id`,`ppp_id`,`value`) VALUES(16,7,6);
INSERT INTO "ppp_qualifications" (`qualification_id`,`ppp_id`,`value`) VALUES(17,7,8);
INSERT INTO "ppp_qualifications" (`qualification_id`,`ppp_id`,`value`) VALUES(18,7,4);
INSERT INTO "ppp_qualifications" (`qualification_id`,`ppp_id`,`value`) VALUES(19,7,9);
INSERT INTO "ppp_qualifications" (`qualification_id`,`ppp_id`,`value`) VALUES(20,7,3);
INSERT INTO "ppp_qualifications" (`qualification_id`,`ppp_id`,`value`) VALUES(21,7,3);
INSERT INTO "ppp_qualifications" (`qualification_id`,`ppp_id`,`value`) VALUES(22,7,9);
INSERT INTO "ppp_qualifications" (`qualification_id`,`ppp_id`,`value`) VALUES(23,7,4);
INSERT INTO "ppp_qualifications" (`qualification_id`,`ppp_id`,`value`) VALUES(24,7,8);
INSERT INTO "ppp_qualifications" (`qualification_id`,`ppp_id`,`value`) VALUES(25,7,40);


INSERT INTO "ppp_qualifications" (`qualification_id`,`ppp_id`,`value`) VALUES(1,8,110);
INSERT INTO "ppp_qualifications" (`qualification_id`,`ppp_id`,`value`) VALUES(2,8,4);
INSERT INTO "ppp_qualifications" (`qualification_id`,`ppp_id`,`value`) VALUES(3,8,5);
INSERT INTO "ppp_qualifications" (`qualification_id`,`ppp_id`,`value`) VALUES(4,8,4);
INSERT INTO "ppp_qualifications" (`qualification_id`,`ppp_id`,`value`) VALUES(5,8,7);
INSERT INTO "ppp_qualifications" (`qualification_id`,`ppp_id`,`value`) VALUES(6,8,7);
INSERT INTO "ppp_qualifications" (`qualification_id`,`ppp_id`,`value`) VALUES(7,8,6);
INSERT INTO "ppp_qualifications" (`qualification_id`,`ppp_id`,`value`) VALUES(8,8,4);
INSERT INTO "ppp_qualifications" (`qualification_id`,`ppp_id`,`value`) VALUES(9,8,5);
INSERT INTO "ppp_qualifications" (`qualification_id`,`ppp_id`,`value`) VALUES(10,8,9);
INSERT INTO "ppp_qualifications" (`qualification_id`,`ppp_id`,`value`) VALUES(11,8,5);
INSERT INTO "ppp_qualifications" (`qualification_id`,`ppp_id`,`value`) VALUES(12,8,5);
INSERT INTO "ppp_qualifications" (`qualification_id`,`ppp_id`,`value`) VALUES(13,8,55);
INSERT INTO "ppp_qualifications" (`qualification_id`,`ppp_id`,`value`) VALUES(14,8,5);
INSERT INTO "ppp_qualifications" (`qualification_id`,`ppp_id`,`value`) VALUES(15,8,3);
INSERT INTO "ppp_qualifications" (`qualification_id`,`ppp_id`,`value`) VALUES(16,8,6);
INSERT INTO "ppp_qualifications" (`qualification_id`,`ppp_id`,`value`) VALUES(17,8,4);
INSERT INTO "ppp_qualifications" (`qualification_id`,`ppp_id`,`value`) VALUES(18,8,9);
INSERT INTO "ppp_qualifications" (`qualification_id`,`ppp_id`,`value`) VALUES(19,8,9);
INSERT INTO "ppp_qualifications" (`qualification_id`,`ppp_id`,`value`) VALUES(20,8,4);
INSERT INTO "ppp_qualifications" (`qualification_id`,`ppp_id`,`value`) VALUES(21,8,3);
INSERT INTO "ppp_qualifications" (`qualification_id`,`ppp_id`,`value`) VALUES(22,8,5);
INSERT INTO "ppp_qualifications" (`qualification_id`,`ppp_id`,`value`) VALUES(23,8,3);
INSERT INTO "ppp_qualifications" (`qualification_id`,`ppp_id`,`value`) VALUES(24,8,4);
INSERT INTO "ppp_qualifications" (`qualification_id`,`ppp_id`,`value`) VALUES(25,8,30);


INSERT INTO "ppp_qualifications" (`qualification_id`,`ppp_id`,`value`) VALUES(1,9,120);
INSERT INTO "ppp_qualifications" (`qualification_id`,`ppp_id`,`value`) VALUES(2,9,9);
INSERT INTO "ppp_qualifications" (`qualification_id`,`ppp_id`,`value`) VALUES(3,9,3);
INSERT INTO "ppp_qualifications" (`qualification_id`,`ppp_id`,`value`) VALUES(4,9,5);
INSERT INTO "ppp_qualifications" (`qualification_id`,`ppp_id`,`value`) VALUES(5,9,6);
INSERT INTO "ppp_qualifications" (`qualification_id`,`ppp_id`,`value`) VALUES(6,9,5);
INSERT INTO "ppp_qualifications" (`qualification_id`,`ppp_id`,`value`) VALUES(7,9,9);
INSERT INTO "ppp_qualifications" (`qualification_id`,`ppp_id`,`value`) VALUES(8,9,9);
INSERT INTO "ppp_qualifications" (`qualification_id`,`ppp_id`,`value`) VALUES(9,9,3);
INSERT INTO "ppp_qualifications" (`qualification_id`,`ppp_id`,`value`) VALUES(10,9,4);
INSERT INTO "ppp_qualifications" (`qualification_id`,`ppp_id`,`value`) VALUES(11,9,5);
INSERT INTO "ppp_qualifications" (`qualification_id`,`ppp_id`,`value`) VALUES(12,9,3);
INSERT INTO "ppp_qualifications" (`qualification_id`,`ppp_id`,`value`) VALUES(13,9,213);
INSERT INTO "ppp_qualifications" (`qualification_id`,`ppp_id`,`value`) VALUES(14,9,5);
INSERT INTO "ppp_qualifications" (`qualification_id`,`ppp_id`,`value`) VALUES(15,9,3);
INSERT INTO "ppp_qualifications" (`qualification_id`,`ppp_id`,`value`) VALUES(16,9,2);
INSERT INTO "ppp_qualifications" (`qualification_id`,`ppp_id`,`value`) VALUES(17,9,8);
INSERT INTO "ppp_qualifications" (`qualification_id`,`ppp_id`,`value`) VALUES(18,9,8);
INSERT INTO "ppp_qualifications" (`qualification_id`,`ppp_id`,`value`) VALUES(19,9,4);
INSERT INTO "ppp_qualifications" (`qualification_id`,`ppp_id`,`value`) VALUES(20,9,6);
INSERT INTO "ppp_qualifications" (`qualification_id`,`ppp_id`,`value`) VALUES(21,9,2);
INSERT INTO "ppp_qualifications" (`qualification_id`,`ppp_id`,`value`) VALUES(22,9,4);
INSERT INTO "ppp_qualifications" (`qualification_id`,`ppp_id`,`value`) VALUES(23,9,6);
INSERT INTO "ppp_qualifications" (`qualification_id`,`ppp_id`,`value`) VALUES(24,9,9);
INSERT INTO "ppp_qualifications" (`qualification_id`,`ppp_id`,`value`) VALUES(25,9,20);


INSERT INTO "ppp_qualifications" (`qualification_id`,`ppp_id`,`value`) VALUES(1,10,108);
INSERT INTO "ppp_qualifications" (`qualification_id`,`ppp_id`,`value`) VALUES(24,10,6);
INSERT INTO "ppp_qualifications" (`qualification_id`,`ppp_id`,`value`) VALUES(2,10,3);
INSERT INTO "ppp_qualifications" (`qualification_id`,`ppp_id`,`value`) VALUES(3,10,3);
INSERT INTO "ppp_qualifications" (`qualification_id`,`ppp_id`,`value`) VALUES(4,10,10);
INSERT INTO "ppp_qualifications" (`qualification_id`,`ppp_id`,`value`) VALUES(5,10,8);
INSERT INTO "ppp_qualifications" (`qualification_id`,`ppp_id`,`value`) VALUES(6,10,9);
INSERT INTO "ppp_qualifications" (`qualification_id`,`ppp_id`,`value`) VALUES(7,10,7);
INSERT INTO "ppp_qualifications" (`qualification_id`,`ppp_id`,`value`) VALUES(8,10,8);
INSERT INTO "ppp_qualifications" (`qualification_id`,`ppp_id`,`value`) VALUES(9,10,6);
INSERT INTO "ppp_qualifications" (`qualification_id`,`ppp_id`,`value`) VALUES(10,10,6);
INSERT INTO "ppp_qualifications" (`qualification_id`,`ppp_id`,`value`) VALUES(11,10,3);
INSERT INTO "ppp_qualifications" (`qualification_id`,`ppp_id`,`value`) VALUES(12,10,167);
INSERT INTO "ppp_qualifications" (`qualification_id`,`ppp_id`,`value`) VALUES(13,10,5);
INSERT INTO "ppp_qualifications" (`qualification_id`,`ppp_id`,`value`) VALUES(14,10,9);
INSERT INTO "ppp_qualifications" (`qualification_id`,`ppp_id`,`value`) VALUES(15,10,8);
INSERT INTO "ppp_qualifications" (`qualification_id`,`ppp_id`,`value`) VALUES(16,10,7);
INSERT INTO "ppp_qualifications" (`qualification_id`,`ppp_id`,`value`) VALUES(17,10,10);
INSERT INTO "ppp_qualifications" (`qualification_id`,`ppp_id`,`value`) VALUES(18,10,9);
INSERT INTO "ppp_qualifications" (`qualification_id`,`ppp_id`,`value`) VALUES(19,10,8);
INSERT INTO "ppp_qualifications" (`qualification_id`,`ppp_id`,`value`) VALUES(20,10,5);
INSERT INTO "ppp_qualifications" (`qualification_id`,`ppp_id`,`value`) VALUES(21,10,9);
INSERT INTO "ppp_qualifications" (`qualification_id`,`ppp_id`,`value`) VALUES(22,10,7);
INSERT INTO "ppp_qualifications" (`qualification_id`,`ppp_id`,`value`) VALUES(23,10,9);
INSERT INTO "ppp_qualifications" (`qualification_id`,`ppp_id`,`value`) VALUES(25,10,10);


INSERT INTO "ppp_qualifications" (`qualification_id`,`ppp_id`,`value`) VALUES(1,11,77);
INSERT INTO "ppp_qualifications" (`qualification_id`,`ppp_id`,`value`) VALUES(24,11,8);
INSERT INTO "ppp_qualifications" (`qualification_id`,`ppp_id`,`value`) VALUES(2,11,4);
INSERT INTO "ppp_qualifications" (`qualification_id`,`ppp_id`,`value`) VALUES(3,11,3);
INSERT INTO "ppp_qualifications" (`qualification_id`,`ppp_id`,`value`) VALUES(4,11,6);
INSERT INTO "ppp_qualifications" (`qualification_id`,`ppp_id`,`value`) VALUES(5,11,2);
INSERT INTO "ppp_qualifications" (`qualification_id`,`ppp_id`,`value`) VALUES(6,11,9);
INSERT INTO "ppp_qualifications" (`qualification_id`,`ppp_id`,`value`) VALUES(7,11,4);
INSERT INTO "ppp_qualifications" (`qualification_id`,`ppp_id`,`value`) VALUES(8,11,7);
INSERT INTO "ppp_qualifications" (`qualification_id`,`ppp_id`,`value`) VALUES(9,11,10);
INSERT INTO "ppp_qualifications" (`qualification_id`,`ppp_id`,`value`) VALUES(10,11,9);
INSERT INTO "ppp_qualifications" (`qualification_id`,`ppp_id`,`value`) VALUES(11,11,7);
INSERT INTO "ppp_qualifications" (`qualification_id`,`ppp_id`,`value`) VALUES(12,11,227);
INSERT INTO "ppp_qualifications" (`qualification_id`,`ppp_id`,`value`) VALUES(13,11,7);
INSERT INTO "ppp_qualifications" (`qualification_id`,`ppp_id`,`value`) VALUES(14,11,5);
INSERT INTO "ppp_qualifications" (`qualification_id`,`ppp_id`,`value`) VALUES(15,11,9);
INSERT INTO "ppp_qualifications" (`qualification_id`,`ppp_id`,`value`) VALUES(16,11,3);
INSERT INTO "ppp_qualifications" (`qualification_id`,`ppp_id`,`value`) VALUES(17,11,4);
INSERT INTO "ppp_qualifications" (`qualification_id`,`ppp_id`,`value`) VALUES(18,11,5);
INSERT INTO "ppp_qualifications" (`qualification_id`,`ppp_id`,`value`) VALUES(19,11,3);
INSERT INTO "ppp_qualifications" (`qualification_id`,`ppp_id`,`value`) VALUES(20,11,9);
INSERT INTO "ppp_qualifications" (`qualification_id`,`ppp_id`,`value`) VALUES(21,11,8);
INSERT INTO "ppp_qualifications" (`qualification_id`,`ppp_id`,`value`) VALUES(22,11,3);
INSERT INTO "ppp_qualifications" (`qualification_id`,`ppp_id`,`value`) VALUES(23,11,4);
INSERT INTO "ppp_qualifications" (`qualification_id`,`ppp_id`,`value`) VALUES(25,11,1);


INSERT INTO "ppp_qualifications" (`qualification_id`,`ppp_id`,`value`) VALUES(1,12,69);
INSERT INTO "ppp_qualifications" (`qualification_id`,`ppp_id`,`value`) VALUES(24,12,8);
INSERT INTO "ppp_qualifications" (`qualification_id`,`ppp_id`,`value`) VALUES(2,12,6);
INSERT INTO "ppp_qualifications" (`qualification_id`,`ppp_id`,`value`) VALUES(3,12,3);
INSERT INTO "ppp_qualifications" (`qualification_id`,`ppp_id`,`value`) VALUES(4,12,9);
INSERT INTO "ppp_qualifications" (`qualification_id`,`ppp_id`,`value`) VALUES(5,12,7);
INSERT INTO "ppp_qualifications" (`qualification_id`,`ppp_id`,`value`) VALUES(6,12,6);
INSERT INTO "ppp_qualifications" (`qualification_id`,`ppp_id`,`value`) VALUES(7,12,9);
INSERT INTO "ppp_qualifications" (`qualification_id`,`ppp_id`,`value`) VALUES(8,12,3);
INSERT INTO "ppp_qualifications" (`qualification_id`,`ppp_id`,`value`) VALUES(9,12,5);
INSERT INTO "ppp_qualifications" (`qualification_id`,`ppp_id`,`value`) VALUES(10,12,6);
INSERT INTO "ppp_qualifications" (`qualification_id`,`ppp_id`,`value`) VALUES(11,12,7);
INSERT INTO "ppp_qualifications" (`qualification_id`,`ppp_id`,`value`) VALUES(12,12,31);
INSERT INTO "ppp_qualifications" (`qualification_id`,`ppp_id`,`value`) VALUES(13,12,9);
INSERT INTO "ppp_qualifications" (`qualification_id`,`ppp_id`,`value`) VALUES(14,12,5);
INSERT INTO "ppp_qualifications" (`qualification_id`,`ppp_id`,`value`) VALUES(15,12,9);
INSERT INTO "ppp_qualifications" (`qualification_id`,`ppp_id`,`value`) VALUES(16,12,8);
INSERT INTO "ppp_qualifications" (`qualification_id`,`ppp_id`,`value`) VALUES(17,12,6);
INSERT INTO "ppp_qualifications" (`qualification_id`,`ppp_id`,`value`) VALUES(18,12,8);
INSERT INTO "ppp_qualifications" (`qualification_id`,`ppp_id`,`value`) VALUES(19,12,2);
INSERT INTO "ppp_qualifications" (`qualification_id`,`ppp_id`,`value`) VALUES(20,12,6);
INSERT INTO "ppp_qualifications" (`qualification_id`,`ppp_id`,`value`) VALUES(21,12,4);
INSERT INTO "ppp_qualifications" (`qualification_id`,`ppp_id`,`value`) VALUES(22,12,5);
INSERT INTO "ppp_qualifications" (`qualification_id`,`ppp_id`,`value`) VALUES(23,12,9);
INSERT INTO "ppp_qualifications" (`qualification_id`,`ppp_id`,`value`) VALUES(25,12,5);


INSERT INTO "ppp_qualifications" (`qualification_id`,`ppp_id`,`value`) VALUES(1,13,66);
INSERT INTO "ppp_qualifications" (`qualification_id`,`ppp_id`,`value`) VALUES(24,13,3);
INSERT INTO "ppp_qualifications" (`qualification_id`,`ppp_id`,`value`) VALUES(2,13,4);
INSERT INTO "ppp_qualifications" (`qualification_id`,`ppp_id`,`value`) VALUES(3,13,5);
INSERT INTO "ppp_qualifications" (`qualification_id`,`ppp_id`,`value`) VALUES(4,13,6);
INSERT INTO "ppp_qualifications" (`qualification_id`,`ppp_id`,`value`) VALUES(5,13,7);
INSERT INTO "ppp_qualifications" (`qualification_id`,`ppp_id`,`value`) VALUES(6,13,8);
INSERT INTO "ppp_qualifications" (`qualification_id`,`ppp_id`,`value`) VALUES(7,13,9);
INSERT INTO "ppp_qualifications" (`qualification_id`,`ppp_id`,`value`) VALUES(8,13,6);
INSERT INTO "ppp_qualifications" (`qualification_id`,`ppp_id`,`value`) VALUES(9,13,6);
INSERT INTO "ppp_qualifications" (`qualification_id`,`ppp_id`,`value`) VALUES(10,13,4);
INSERT INTO "ppp_qualifications" (`qualification_id`,`ppp_id`,`value`) VALUES(11,13,5);
INSERT INTO "ppp_qualifications" (`qualification_id`,`ppp_id`,`value`) VALUES(12,13,151);
INSERT INTO "ppp_qualifications" (`qualification_id`,`ppp_id`,`value`) VALUES(13,13,2);
INSERT INTO "ppp_qualifications" (`qualification_id`,`ppp_id`,`value`) VALUES(14,13,4);
INSERT INTO "ppp_qualifications" (`qualification_id`,`ppp_id`,`value`) VALUES(15,13,9);
INSERT INTO "ppp_qualifications" (`qualification_id`,`ppp_id`,`value`) VALUES(16,13,4);
INSERT INTO "ppp_qualifications" (`qualification_id`,`ppp_id`,`value`) VALUES(17,13,3);
INSERT INTO "ppp_qualifications" (`qualification_id`,`ppp_id`,`value`) VALUES(18,13,4);
INSERT INTO "ppp_qualifications" (`qualification_id`,`ppp_id`,`value`) VALUES(19,13,5);
INSERT INTO "ppp_qualifications" (`qualification_id`,`ppp_id`,`value`) VALUES(20,13,7);
INSERT INTO "ppp_qualifications" (`qualification_id`,`ppp_id`,`value`) VALUES(21,13,5);
INSERT INTO "ppp_qualifications" (`qualification_id`,`ppp_id`,`value`) VALUES(22,13,9);
INSERT INTO "ppp_qualifications" (`qualification_id`,`ppp_id`,`value`) VALUES(23,13,8);
INSERT INTO "ppp_qualifications" (`qualification_id`,`ppp_id`,`value`) VALUES(25,13,15);


INSERT INTO "ppp_qualifications" (`qualification_id`,`ppp_id`,`value`) VALUES(1,14,71);
INSERT INTO "ppp_qualifications" (`qualification_id`,`ppp_id`,`value`) VALUES(24,14,6);
INSERT INTO "ppp_qualifications" (`qualification_id`,`ppp_id`,`value`) VALUES(2,14,8);
INSERT INTO "ppp_qualifications" (`qualification_id`,`ppp_id`,`value`) VALUES(3,14,3);
INSERT INTO "ppp_qualifications" (`qualification_id`,`ppp_id`,`value`) VALUES(4,14,8);
INSERT INTO "ppp_qualifications" (`qualification_id`,`ppp_id`,`value`) VALUES(5,14,6);
INSERT INTO "ppp_qualifications" (`qualification_id`,`ppp_id`,`value`) VALUES(6,14,7);
INSERT INTO "ppp_qualifications" (`qualification_id`,`ppp_id`,`value`) VALUES(7,14,10);
INSERT INTO "ppp_qualifications" (`qualification_id`,`ppp_id`,`value`) VALUES(8,14,8);
INSERT INTO "ppp_qualifications" (`qualification_id`,`ppp_id`,`value`) VALUES(9,14,3);
INSERT INTO "ppp_qualifications" (`qualification_id`,`ppp_id`,`value`) VALUES(10,14,7);
INSERT INTO "ppp_qualifications" (`qualification_id`,`ppp_id`,`value`) VALUES(11,14,6);
INSERT INTO "ppp_qualifications" (`qualification_id`,`ppp_id`,`value`) VALUES(12,14,107);
INSERT INTO "ppp_qualifications" (`qualification_id`,`ppp_id`,`value`) VALUES(13,14,3);
INSERT INTO "ppp_qualifications" (`qualification_id`,`ppp_id`,`value`) VALUES(14,14,4);
INSERT INTO "ppp_qualifications" (`qualification_id`,`ppp_id`,`value`) VALUES(15,14,3);
INSERT INTO "ppp_qualifications" (`qualification_id`,`ppp_id`,`value`) VALUES(16,14,4);
INSERT INTO "ppp_qualifications" (`qualification_id`,`ppp_id`,`value`) VALUES(17,14,9);
INSERT INTO "ppp_qualifications" (`qualification_id`,`ppp_id`,`value`) VALUES(18,14,6);
INSERT INTO "ppp_qualifications" (`qualification_id`,`ppp_id`,`value`) VALUES(19,14,3);
INSERT INTO "ppp_qualifications" (`qualification_id`,`ppp_id`,`value`) VALUES(20,14,4);
INSERT INTO "ppp_qualifications" (`qualification_id`,`ppp_id`,`value`) VALUES(21,14,6);
INSERT INTO "ppp_qualifications" (`qualification_id`,`ppp_id`,`value`) VALUES(22,14,5);
INSERT INTO "ppp_qualifications" (`qualification_id`,`ppp_id`,`value`) VALUES(23,14,3);
INSERT INTO "ppp_qualifications" (`qualification_id`,`ppp_id`,`value`) VALUES(25,14,25);


INSERT INTO "ppp_qualifications" (`qualification_id`,`ppp_id`,`value`) VALUES(1,15,69);
INSERT INTO "ppp_qualifications" (`qualification_id`,`ppp_id`,`value`) VALUES(24,15,8);
INSERT INTO "ppp_qualifications" (`qualification_id`,`ppp_id`,`value`) VALUES(2,15,9);
INSERT INTO "ppp_qualifications" (`qualification_id`,`ppp_id`,`value`) VALUES(3,15,3);
INSERT INTO "ppp_qualifications" (`qualification_id`,`ppp_id`,`value`) VALUES(4,15,6);
INSERT INTO "ppp_qualifications" (`qualification_id`,`ppp_id`,`value`) VALUES(5,15,9);
INSERT INTO "ppp_qualifications" (`qualification_id`,`ppp_id`,`value`) VALUES(6,15,3);
INSERT INTO "ppp_qualifications" (`qualification_id`,`ppp_id`,`value`) VALUES(7,15,4);
INSERT INTO "ppp_qualifications" (`qualification_id`,`ppp_id`,`value`) VALUES(8,15,5);
INSERT INTO "ppp_qualifications" (`qualification_id`,`ppp_id`,`value`) VALUES(9,15,3);
INSERT INTO "ppp_qualifications" (`qualification_id`,`ppp_id`,`value`) VALUES(10,15,9);
INSERT INTO "ppp_qualifications" (`qualification_id`,`ppp_id`,`value`) VALUES(11,15,7);
INSERT INTO "ppp_qualifications" (`qualification_id`,`ppp_id`,`value`) VALUES(12,15,182);
INSERT INTO "ppp_qualifications" (`qualification_id`,`ppp_id`,`value`) VALUES(13,15,5);
INSERT INTO "ppp_qualifications" (`qualification_id`,`ppp_id`,`value`) VALUES(14,15,9);
INSERT INTO "ppp_qualifications" (`qualification_id`,`ppp_id`,`value`) VALUES(15,15,5);
INSERT INTO "ppp_qualifications" (`qualification_id`,`ppp_id`,`value`) VALUES(16,15,10);
INSERT INTO "ppp_qualifications" (`qualification_id`,`ppp_id`,`value`) VALUES(17,15,8);
INSERT INTO "ppp_qualifications" (`qualification_id`,`ppp_id`,`value`) VALUES(18,15,6);
INSERT INTO "ppp_qualifications" (`qualification_id`,`ppp_id`,`value`) VALUES(19,15,9);
INSERT INTO "ppp_qualifications" (`qualification_id`,`ppp_id`,`value`) VALUES(20,15,6);
INSERT INTO "ppp_qualifications" (`qualification_id`,`ppp_id`,`value`) VALUES(21,15,6);
INSERT INTO "ppp_qualifications" (`qualification_id`,`ppp_id`,`value`) VALUES(22,15,5);
INSERT INTO "ppp_qualifications" (`qualification_id`,`ppp_id`,`value`) VALUES(23,15,3);
INSERT INTO "ppp_qualifications" (`qualification_id`,`ppp_id`,`value`) VALUES(25,15,35);


INSERT INTO "ppp_qualifications" (`qualification_id`,`ppp_id`,`value`) VALUES(1,16,94);
INSERT INTO "ppp_qualifications" (`qualification_id`,`ppp_id`,`value`) VALUES(24,16,5);
INSERT INTO "ppp_qualifications" (`qualification_id`,`ppp_id`,`value`) VALUES(2,16,3);
INSERT INTO "ppp_qualifications" (`qualification_id`,`ppp_id`,`value`) VALUES(3,16,4);
INSERT INTO "ppp_qualifications" (`qualification_id`,`ppp_id`,`value`) VALUES(4,16,9);
INSERT INTO "ppp_qualifications" (`qualification_id`,`ppp_id`,`value`) VALUES(5,16,3);
INSERT INTO "ppp_qualifications" (`qualification_id`,`ppp_id`,`value`) VALUES(6,16,5);
INSERT INTO "ppp_qualifications" (`qualification_id`,`ppp_id`,`value`) VALUES(7,16,4);
INSERT INTO "ppp_qualifications" (`qualification_id`,`ppp_id`,`value`) VALUES(8,16,9);
INSERT INTO "ppp_qualifications" (`qualification_id`,`ppp_id`,`value`) VALUES(9,16,7);
INSERT INTO "ppp_qualifications" (`qualification_id`,`ppp_id`,`value`) VALUES(10,16,4);
INSERT INTO "ppp_qualifications" (`qualification_id`,`ppp_id`,`value`) VALUES(11,16,5);
INSERT INTO "ppp_qualifications" (`qualification_id`,`ppp_id`,`value`) VALUES(12,16,117);
INSERT INTO "ppp_qualifications" (`qualification_id`,`ppp_id`,`value`) VALUES(13,16,7);
INSERT INTO "ppp_qualifications" (`qualification_id`,`ppp_id`,`value`) VALUES(14,16,9);
INSERT INTO "ppp_qualifications" (`qualification_id`,`ppp_id`,`value`) VALUES(15,16,9);
INSERT INTO "ppp_qualifications" (`qualification_id`,`ppp_id`,`value`) VALUES(16,16,4);
INSERT INTO "ppp_qualifications" (`qualification_id`,`ppp_id`,`value`) VALUES(17,16,4);
INSERT INTO "ppp_qualifications" (`qualification_id`,`ppp_id`,`value`) VALUES(18,16,3);
INSERT INTO "ppp_qualifications" (`qualification_id`,`ppp_id`,`value`) VALUES(19,16,5);
INSERT INTO "ppp_qualifications" (`qualification_id`,`ppp_id`,`value`) VALUES(20,16,9);
INSERT INTO "ppp_qualifications" (`qualification_id`,`ppp_id`,`value`) VALUES(21,16,7);
INSERT INTO "ppp_qualifications" (`qualification_id`,`ppp_id`,`value`) VALUES(22,16,10);
INSERT INTO "ppp_qualifications" (`qualification_id`,`ppp_id`,`value`) VALUES(23,16,9);
INSERT INTO "ppp_qualifications" (`qualification_id`,`ppp_id`,`value`) VALUES(25,16,45);


INSERT INTO "ppp_qualifications" (`qualification_id`,`ppp_id`,`value`) VALUES(1,17,102);
INSERT INTO "ppp_qualifications" (`qualification_id`,`ppp_id`,`value`) VALUES(24,17,6);
INSERT INTO "ppp_qualifications" (`qualification_id`,`ppp_id`,`value`) VALUES(2,17,4);
INSERT INTO "ppp_qualifications" (`qualification_id`,`ppp_id`,`value`) VALUES(3,17,3);
INSERT INTO "ppp_qualifications" (`qualification_id`,`ppp_id`,`value`) VALUES(4,17,6);
INSERT INTO "ppp_qualifications" (`qualification_id`,`ppp_id`,`value`) VALUES(5,17,7);
INSERT INTO "ppp_qualifications" (`qualification_id`,`ppp_id`,`value`) VALUES(6,17,4);
INSERT INTO "ppp_qualifications" (`qualification_id`,`ppp_id`,`value`) VALUES(7,17,3);
INSERT INTO "ppp_qualifications" (`qualification_id`,`ppp_id`,`value`) VALUES(8,17,4);
INSERT INTO "ppp_qualifications" (`qualification_id`,`ppp_id`,`value`) VALUES(9,17,7);
INSERT INTO "ppp_qualifications" (`qualification_id`,`ppp_id`,`value`) VALUES(10,17,8);
INSERT INTO "ppp_qualifications" (`qualification_id`,`ppp_id`,`value`) VALUES(11,17,5);
INSERT INTO "ppp_qualifications" (`qualification_id`,`ppp_id`,`value`) VALUES(12,17,181);
INSERT INTO "ppp_qualifications" (`qualification_id`,`ppp_id`,`value`) VALUES(13,17,7);
INSERT INTO "ppp_qualifications" (`qualification_id`,`ppp_id`,`value`) VALUES(14,17,8);
INSERT INTO "ppp_qualifications" (`qualification_id`,`ppp_id`,`value`) VALUES(15,17,6);
INSERT INTO "ppp_qualifications" (`qualification_id`,`ppp_id`,`value`) VALUES(16,17,3);
INSERT INTO "ppp_qualifications" (`qualification_id`,`ppp_id`,`value`) VALUES(17,17,9);
INSERT INTO "ppp_qualifications" (`qualification_id`,`ppp_id`,`value`) VALUES(18,17,6);
INSERT INTO "ppp_qualifications" (`qualification_id`,`ppp_id`,`value`) VALUES(19,17,8);
INSERT INTO "ppp_qualifications" (`qualification_id`,`ppp_id`,`value`) VALUES(20,17,6);
INSERT INTO "ppp_qualifications" (`qualification_id`,`ppp_id`,`value`) VALUES(21,17,4);
INSERT INTO "ppp_qualifications" (`qualification_id`,`ppp_id`,`value`) VALUES(22,17,3);
INSERT INTO "ppp_qualifications" (`qualification_id`,`ppp_id`,`value`) VALUES(23,17,4);
INSERT INTO "ppp_qualifications" (`qualification_id`,`ppp_id`,`value`) VALUES(25,17,55);


INSERT INTO "ppp_qualifications" (`qualification_id`,`ppp_id`,`value`) VALUES(1,18,100);
INSERT INTO "ppp_qualifications" (`qualification_id`,`ppp_id`,`value`) VALUES(24,18,5);
INSERT INTO "ppp_qualifications" (`qualification_id`,`ppp_id`,`value`) VALUES(2,18,4);
INSERT INTO "ppp_qualifications" (`qualification_id`,`ppp_id`,`value`) VALUES(3,18,8);
INSERT INTO "ppp_qualifications" (`qualification_id`,`ppp_id`,`value`) VALUES(4,18,5);
INSERT INTO "ppp_qualifications" (`qualification_id`,`ppp_id`,`value`) VALUES(5,18,4);
INSERT INTO "ppp_qualifications" (`qualification_id`,`ppp_id`,`value`) VALUES(6,18,8);
INSERT INTO "ppp_qualifications" (`qualification_id`,`ppp_id`,`value`) VALUES(7,18,9);
INSERT INTO "ppp_qualifications" (`qualification_id`,`ppp_id`,`value`) VALUES(8,18,5);
INSERT INTO "ppp_qualifications" (`qualification_id`,`ppp_id`,`value`) VALUES(9,18,3);
INSERT INTO "ppp_qualifications" (`qualification_id`,`ppp_id`,`value`) VALUES(10,18,5);
INSERT INTO "ppp_qualifications" (`qualification_id`,`ppp_id`,`value`) VALUES(11,18,6);
INSERT INTO "ppp_qualifications" (`qualification_id`,`ppp_id`,`value`) VALUES(12,18,155);
INSERT INTO "ppp_qualifications" (`qualification_id`,`ppp_id`,`value`) VALUES(13,18,3);
INSERT INTO "ppp_qualifications" (`qualification_id`,`ppp_id`,`value`) VALUES(14,18,8);
INSERT INTO "ppp_qualifications" (`qualification_id`,`ppp_id`,`value`) VALUES(15,18,5);
INSERT INTO "ppp_qualifications" (`qualification_id`,`ppp_id`,`value`) VALUES(16,18,7);
INSERT INTO "ppp_qualifications" (`qualification_id`,`ppp_id`,`value`) VALUES(17,18,5);
INSERT INTO "ppp_qualifications" (`qualification_id`,`ppp_id`,`value`) VALUES(18,18,4);
INSERT INTO "ppp_qualifications" (`qualification_id`,`ppp_id`,`value`) VALUES(19,18,7);
INSERT INTO "ppp_qualifications" (`qualification_id`,`ppp_id`,`value`) VALUES(20,18,5);
INSERT INTO "ppp_qualifications" (`qualification_id`,`ppp_id`,`value`) VALUES(21,18,9);
INSERT INTO "ppp_qualifications" (`qualification_id`,`ppp_id`,`value`) VALUES(22,18,4);
INSERT INTO "ppp_qualifications" (`qualification_id`,`ppp_id`,`value`) VALUES(23,18,6);
INSERT INTO "ppp_qualifications" (`qualification_id`,`ppp_id`,`value`) VALUES(25,18,65);


INSERT INTO "ppp_qualifications" (`qualification_id`,`ppp_id`,`value`) VALUES(1,19,84);
INSERT INTO "ppp_qualifications" (`qualification_id`,`ppp_id`,`value`) VALUES(24,19,8);
INSERT INTO "ppp_qualifications" (`qualification_id`,`ppp_id`,`value`) VALUES(2,19,7);
INSERT INTO "ppp_qualifications" (`qualification_id`,`ppp_id`,`value`) VALUES(3,19,6);
INSERT INTO "ppp_qualifications" (`qualification_id`,`ppp_id`,`value`) VALUES(4,19,7);
INSERT INTO "ppp_qualifications" (`qualification_id`,`ppp_id`,`value`) VALUES(5,19,4);
INSERT INTO "ppp_qualifications" (`qualification_id`,`ppp_id`,`value`) VALUES(6,19,6);
INSERT INTO "ppp_qualifications" (`qualification_id`,`ppp_id`,`value`) VALUES(7,19,5);
INSERT INTO "ppp_qualifications" (`qualification_id`,`ppp_id`,`value`) VALUES(8,19,7);
INSERT INTO "ppp_qualifications" (`qualification_id`,`ppp_id`,`value`) VALUES(9,19,6);
INSERT INTO "ppp_qualifications" (`qualification_id`,`ppp_id`,`value`) VALUES(10,19,4);
INSERT INTO "ppp_qualifications" (`qualification_id`,`ppp_id`,`value`) VALUES(11,19,7);
INSERT INTO "ppp_qualifications" (`qualification_id`,`ppp_id`,`value`) VALUES(12,19,115);
INSERT INTO "ppp_qualifications" (`qualification_id`,`ppp_id`,`value`) VALUES(13,19,9);
INSERT INTO "ppp_qualifications" (`qualification_id`,`ppp_id`,`value`) VALUES(14,19,8);
INSERT INTO "ppp_qualifications" (`qualification_id`,`ppp_id`,`value`) VALUES(15,19,7);
INSERT INTO "ppp_qualifications" (`qualification_id`,`ppp_id`,`value`) VALUES(16,19,8);
INSERT INTO "ppp_qualifications" (`qualification_id`,`ppp_id`,`value`) VALUES(17,19,8);
INSERT INTO "ppp_qualifications" (`qualification_id`,`ppp_id`,`value`) VALUES(18,19,8);
INSERT INTO "ppp_qualifications" (`qualification_id`,`ppp_id`,`value`) VALUES(19,19,8);
INSERT INTO "ppp_qualifications" (`qualification_id`,`ppp_id`,`value`) VALUES(20,19,8);
INSERT INTO "ppp_qualifications" (`qualification_id`,`ppp_id`,`value`) VALUES(21,19,8);
INSERT INTO "ppp_qualifications" (`qualification_id`,`ppp_id`,`value`) VALUES(22,19,8);
INSERT INTO "ppp_qualifications" (`qualification_id`,`ppp_id`,`value`) VALUES(23,19,7);
INSERT INTO "ppp_qualifications" (`qualification_id`,`ppp_id`,`value`) VALUES(25,19,75);


INSERT INTO "ppp_qualifications" (`qualification_id`,`ppp_id`,`value`) VALUES(1,20,93);
INSERT INTO "ppp_qualifications" (`qualification_id`,`ppp_id`,`value`) VALUES(24,20,6);
INSERT INTO "ppp_qualifications" (`qualification_id`,`ppp_id`,`value`) VALUES(2,20,7);
INSERT INTO "ppp_qualifications" (`qualification_id`,`ppp_id`,`value`) VALUES(3,20,9);
INSERT INTO "ppp_qualifications" (`qualification_id`,`ppp_id`,`value`) VALUES(4,20,5);
INSERT INTO "ppp_qualifications" (`qualification_id`,`ppp_id`,`value`) VALUES(5,20,6);
INSERT INTO "ppp_qualifications" (`qualification_id`,`ppp_id`,`value`) VALUES(6,20,8);
INSERT INTO "ppp_qualifications" (`qualification_id`,`ppp_id`,`value`) VALUES(7,20,6);
INSERT INTO "ppp_qualifications" (`qualification_id`,`ppp_id`,`value`) VALUES(8,20,6);
INSERT INTO "ppp_qualifications" (`qualification_id`,`ppp_id`,`value`) VALUES(9,20,7);
INSERT INTO "ppp_qualifications" (`qualification_id`,`ppp_id`,`value`) VALUES(10,20,9);
INSERT INTO "ppp_qualifications" (`qualification_id`,`ppp_id`,`value`) VALUES(11,20,2);
INSERT INTO "ppp_qualifications" (`qualification_id`,`ppp_id`,`value`) VALUES(12,20,158);
INSERT INTO "ppp_qualifications" (`qualification_id`,`ppp_id`,`value`) VALUES(13,20,4);
INSERT INTO "ppp_qualifications" (`qualification_id`,`ppp_id`,`value`) VALUES(14,20,5);
INSERT INTO "ppp_qualifications" (`qualification_id`,`ppp_id`,`value`) VALUES(15,20,9);
INSERT INTO "ppp_qualifications" (`qualification_id`,`ppp_id`,`value`) VALUES(16,20,3);
INSERT INTO "ppp_qualifications" (`qualification_id`,`ppp_id`,`value`) VALUES(17,20,8);
INSERT INTO "ppp_qualifications" (`qualification_id`,`ppp_id`,`value`) VALUES(18,20,4);
INSERT INTO "ppp_qualifications" (`qualification_id`,`ppp_id`,`value`) VALUES(19,20,6);
INSERT INTO "ppp_qualifications" (`qualification_id`,`ppp_id`,`value`) VALUES(20,20,4);
INSERT INTO "ppp_qualifications" (`qualification_id`,`ppp_id`,`value`) VALUES(21,20,5);
INSERT INTO "ppp_qualifications" (`qualification_id`,`ppp_id`,`value`) VALUES(22,20,8);
INSERT INTO "ppp_qualifications" (`qualification_id`,`ppp_id`,`value`) VALUES(23,20,6);
INSERT INTO "ppp_qualifications" (`qualification_id`,`ppp_id`,`value`) VALUES(25,20,85);


INSERT INTO "ppp_qualifications" (`qualification_id`,`ppp_id`,`value`) VALUES(1,21,63);
INSERT INTO "ppp_qualifications" (`qualification_id`,`ppp_id`,`value`) VALUES(24,21,5);
INSERT INTO "ppp_qualifications" (`qualification_id`,`ppp_id`,`value`) VALUES(2,21,6);
INSERT INTO "ppp_qualifications" (`qualification_id`,`ppp_id`,`value`) VALUES(3,21,6);
INSERT INTO "ppp_qualifications" (`qualification_id`,`ppp_id`,`value`) VALUES(4,21,7);
INSERT INTO "ppp_qualifications" (`qualification_id`,`ppp_id`,`value`) VALUES(5,21,8);
INSERT INTO "ppp_qualifications" (`qualification_id`,`ppp_id`,`value`) VALUES(6,21,9);
INSERT INTO "ppp_qualifications" (`qualification_id`,`ppp_id`,`value`) VALUES(7,21,5);
INSERT INTO "ppp_qualifications" (`qualification_id`,`ppp_id`,`value`) VALUES(8,21,4);
INSERT INTO "ppp_qualifications" (`qualification_id`,`ppp_id`,`value`) VALUES(9,21,6);
INSERT INTO "ppp_qualifications" (`qualification_id`,`ppp_id`,`value`) VALUES(10,21,8);
INSERT INTO "ppp_qualifications" (`qualification_id`,`ppp_id`,`value`) VALUES(11,21,5);
INSERT INTO "ppp_qualifications" (`qualification_id`,`ppp_id`,`value`) VALUES(12,21,213);
INSERT INTO "ppp_qualifications" (`qualification_id`,`ppp_id`,`value`) VALUES(13,21,5);
INSERT INTO "ppp_qualifications" (`qualification_id`,`ppp_id`,`value`) VALUES(14,21,6);
INSERT INTO "ppp_qualifications" (`qualification_id`,`ppp_id`,`value`) VALUES(15,21,8);
INSERT INTO "ppp_qualifications" (`qualification_id`,`ppp_id`,`value`) VALUES(16,21,4);
INSERT INTO "ppp_qualifications" (`qualification_id`,`ppp_id`,`value`) VALUES(17,21,6);
INSERT INTO "ppp_qualifications" (`qualification_id`,`ppp_id`,`value`) VALUES(18,21,3);
INSERT INTO "ppp_qualifications" (`qualification_id`,`ppp_id`,`value`) VALUES(19,21,5);
INSERT INTO "ppp_qualifications" (`qualification_id`,`ppp_id`,`value`) VALUES(20,21,6);
INSERT INTO "ppp_qualifications" (`qualification_id`,`ppp_id`,`value`) VALUES(21,21,7);
INSERT INTO "ppp_qualifications" (`qualification_id`,`ppp_id`,`value`) VALUES(22,21,8);
INSERT INTO "ppp_qualifications" (`qualification_id`,`ppp_id`,`value`) VALUES(23,21,6);
INSERT INTO "ppp_qualifications" (`qualification_id`,`ppp_id`,`value`) VALUES(25,21,95);


INSERT INTO "ppp_qualifications" (`qualification_id`,`ppp_id`,`value`) VALUES(1,22,105);
INSERT INTO "ppp_qualifications" (`qualification_id`,`ppp_id`,`value`) VALUES(24,22,6);
INSERT INTO "ppp_qualifications" (`qualification_id`,`ppp_id`,`value`) VALUES(2,22,8);
INSERT INTO "ppp_qualifications" (`qualification_id`,`ppp_id`,`value`) VALUES(3,22,6);
INSERT INTO "ppp_qualifications" (`qualification_id`,`ppp_id`,`value`) VALUES(4,22,5);
INSERT INTO "ppp_qualifications" (`qualification_id`,`ppp_id`,`value`) VALUES(5,22,8);
INSERT INTO "ppp_qualifications" (`qualification_id`,`ppp_id`,`value`) VALUES(6,22,4);
INSERT INTO "ppp_qualifications" (`qualification_id`,`ppp_id`,`value`) VALUES(7,22,10);
INSERT INTO "ppp_qualifications" (`qualification_id`,`ppp_id`,`value`) VALUES(8,22,10);
INSERT INTO "ppp_qualifications" (`qualification_id`,`ppp_id`,`value`) VALUES(9,22,7);
INSERT INTO "ppp_qualifications" (`qualification_id`,`ppp_id`,`value`) VALUES(10,22,8);
INSERT INTO "ppp_qualifications" (`qualification_id`,`ppp_id`,`value`) VALUES(11,22,6);
INSERT INTO "ppp_qualifications" (`qualification_id`,`ppp_id`,`value`) VALUES(12,22,143);
INSERT INTO "ppp_qualifications" (`qualification_id`,`ppp_id`,`value`) VALUES(13,22,8);
INSERT INTO "ppp_qualifications" (`qualification_id`,`ppp_id`,`value`) VALUES(14,22,7);
INSERT INTO "ppp_qualifications" (`qualification_id`,`ppp_id`,`value`) VALUES(15,22,6);
INSERT INTO "ppp_qualifications" (`qualification_id`,`ppp_id`,`value`) VALUES(16,22,8);
INSERT INTO "ppp_qualifications" (`qualification_id`,`ppp_id`,`value`) VALUES(17,22,10);
INSERT INTO "ppp_qualifications" (`qualification_id`,`ppp_id`,`value`) VALUES(18,22,6);
INSERT INTO "ppp_qualifications" (`qualification_id`,`ppp_id`,`value`) VALUES(19,22,10);
INSERT INTO "ppp_qualifications" (`qualification_id`,`ppp_id`,`value`) VALUES(20,22,5);
INSERT INTO "ppp_qualifications" (`qualification_id`,`ppp_id`,`value`) VALUES(21,22,7);
INSERT INTO "ppp_qualifications" (`qualification_id`,`ppp_id`,`value`) VALUES(22,22,6);
INSERT INTO "ppp_qualifications" (`qualification_id`,`ppp_id`,`value`) VALUES(23,22,5);
INSERT INTO "ppp_qualifications" (`qualification_id`,`ppp_id`,`value`) VALUES(25,22,69);


INSERT INTO "ppp_qualifications" (`qualification_id`,`ppp_id`,`value`) VALUES(1,23,98);
INSERT INTO "ppp_qualifications" (`qualification_id`,`ppp_id`,`value`) VALUES(24,23,8);
INSERT INTO "ppp_qualifications" (`qualification_id`,`ppp_id`,`value`) VALUES(2,23,10);
INSERT INTO "ppp_qualifications" (`qualification_id`,`ppp_id`,`value`) VALUES(3,23,5);
INSERT INTO "ppp_qualifications" (`qualification_id`,`ppp_id`,`value`) VALUES(4,23,7);
INSERT INTO "ppp_qualifications" (`qualification_id`,`ppp_id`,`value`) VALUES(5,23,8);
INSERT INTO "ppp_qualifications" (`qualification_id`,`ppp_id`,`value`) VALUES(6,23,4);
INSERT INTO "ppp_qualifications" (`qualification_id`,`ppp_id`,`value`) VALUES(7,23,6);
INSERT INTO "ppp_qualifications" (`qualification_id`,`ppp_id`,`value`) VALUES(8,23,5);
INSERT INTO "ppp_qualifications" (`qualification_id`,`ppp_id`,`value`) VALUES(9,23,3);
INSERT INTO "ppp_qualifications" (`qualification_id`,`ppp_id`,`value`) VALUES(10,23,5);
INSERT INTO "ppp_qualifications" (`qualification_id`,`ppp_id`,`value`) VALUES(11,23,6);
INSERT INTO "ppp_qualifications" (`qualification_id`,`ppp_id`,`value`) VALUES(12,23,227);
INSERT INTO "ppp_qualifications" (`qualification_id`,`ppp_id`,`value`) VALUES(13,23,7);
INSERT INTO "ppp_qualifications" (`qualification_id`,`ppp_id`,`value`) VALUES(14,23,6);
INSERT INTO "ppp_qualifications" (`qualification_id`,`ppp_id`,`value`) VALUES(15,23,3);
INSERT INTO "ppp_qualifications" (`qualification_id`,`ppp_id`,`value`) VALUES(16,23,7);
INSERT INTO "ppp_qualifications" (`qualification_id`,`ppp_id`,`value`) VALUES(17,23,6);
INSERT INTO "ppp_qualifications" (`qualification_id`,`ppp_id`,`value`) VALUES(18,23,6);
INSERT INTO "ppp_qualifications" (`qualification_id`,`ppp_id`,`value`) VALUES(19,23,6);
INSERT INTO "ppp_qualifications" (`qualification_id`,`ppp_id`,`value`) VALUES(20,23,7);
INSERT INTO "ppp_qualifications" (`qualification_id`,`ppp_id`,`value`) VALUES(21,23,4);
INSERT INTO "ppp_qualifications" (`qualification_id`,`ppp_id`,`value`) VALUES(22,23,5);
INSERT INTO "ppp_qualifications" (`qualification_id`,`ppp_id`,`value`) VALUES(23,23,4);
INSERT INTO "ppp_qualifications" (`qualification_id`,`ppp_id`,`value`) VALUES(25,23,49);


INSERT INTO "ppp_qualifications" (`qualification_id`,`ppp_id`,`value`) VALUES(1,24,88);
INSERT INTO "ppp_qualifications" (`qualification_id`,`ppp_id`,`value`) VALUES(24,24,4);
INSERT INTO "ppp_qualifications" (`qualification_id`,`ppp_id`,`value`) VALUES(2,24,5);
INSERT INTO "ppp_qualifications" (`qualification_id`,`ppp_id`,`value`) VALUES(3,24,4);
INSERT INTO "ppp_qualifications" (`qualification_id`,`ppp_id`,`value`) VALUES(4,24,7);
INSERT INTO "ppp_qualifications" (`qualification_id`,`ppp_id`,`value`) VALUES(5,24,6);
INSERT INTO "ppp_qualifications" (`qualification_id`,`ppp_id`,`value`) VALUES(6,24,8);
INSERT INTO "ppp_qualifications" (`qualification_id`,`ppp_id`,`value`) VALUES(7,24,10);
INSERT INTO "ppp_qualifications" (`qualification_id`,`ppp_id`,`value`) VALUES(8,24,10);
INSERT INTO "ppp_qualifications" (`qualification_id`,`ppp_id`,`value`) VALUES(9,24,10);
INSERT INTO "ppp_qualifications" (`qualification_id`,`ppp_id`,`value`) VALUES(10,24,8);
INSERT INTO "ppp_qualifications" (`qualification_id`,`ppp_id`,`value`) VALUES(11,24,9);
INSERT INTO "ppp_qualifications" (`qualification_id`,`ppp_id`,`value`) VALUES(12,24,173);
INSERT INTO "ppp_qualifications" (`qualification_id`,`ppp_id`,`value`) VALUES(13,24,5);
INSERT INTO "ppp_qualifications" (`qualification_id`,`ppp_id`,`value`) VALUES(14,24,4);
INSERT INTO "ppp_qualifications" (`qualification_id`,`ppp_id`,`value`) VALUES(15,24,3);
INSERT INTO "ppp_qualifications" (`qualification_id`,`ppp_id`,`value`) VALUES(16,24,5);
INSERT INTO "ppp_qualifications" (`qualification_id`,`ppp_id`,`value`) VALUES(17,24,2);
INSERT INTO "ppp_qualifications" (`qualification_id`,`ppp_id`,`value`) VALUES(18,24,4);
INSERT INTO "ppp_qualifications" (`qualification_id`,`ppp_id`,`value`) VALUES(19,24,4);
INSERT INTO "ppp_qualifications" (`qualification_id`,`ppp_id`,`value`) VALUES(20,24,2);
INSERT INTO "ppp_qualifications" (`qualification_id`,`ppp_id`,`value`) VALUES(21,24,4);
INSERT INTO "ppp_qualifications" (`qualification_id`,`ppp_id`,`value`) VALUES(22,24,6);
INSERT INTO "ppp_qualifications" (`qualification_id`,`ppp_id`,`value`) VALUES(23,24,8);
INSERT INTO "ppp_qualifications" (`qualification_id`,`ppp_id`,`value`) VALUES(25,24,29);


INSERT INTO "ppp_qualifications" (`qualification_id`,`ppp_id`,`value`) VALUES(1,25,83);
INSERT INTO "ppp_qualifications" (`qualification_id`,`ppp_id`,`value`) VALUES(24,25,6);
INSERT INTO "ppp_qualifications" (`qualification_id`,`ppp_id`,`value`) VALUES(2,25,7);
INSERT INTO "ppp_qualifications" (`qualification_id`,`ppp_id`,`value`) VALUES(3,25,6);
INSERT INTO "ppp_qualifications" (`qualification_id`,`ppp_id`,`value`) VALUES(4,25,4);
INSERT INTO "ppp_qualifications" (`qualification_id`,`ppp_id`,`value`) VALUES(5,25,6);
INSERT INTO "ppp_qualifications" (`qualification_id`,`ppp_id`,`value`) VALUES(6,25,8);
INSERT INTO "ppp_qualifications" (`qualification_id`,`ppp_id`,`value`) VALUES(7,25,6);
INSERT INTO "ppp_qualifications" (`qualification_id`,`ppp_id`,`value`) VALUES(8,25,6);
INSERT INTO "ppp_qualifications" (`qualification_id`,`ppp_id`,`value`) VALUES(9,25,4);
INSERT INTO "ppp_qualifications" (`qualification_id`,`ppp_id`,`value`) VALUES(10,25,6);
INSERT INTO "ppp_qualifications" (`qualification_id`,`ppp_id`,`value`) VALUES(11,25,5);
INSERT INTO "ppp_qualifications" (`qualification_id`,`ppp_id`,`value`) VALUES(12,25,211);
INSERT INTO "ppp_qualifications" (`qualification_id`,`ppp_id`,`value`) VALUES(13,25,4);
INSERT INTO "ppp_qualifications" (`qualification_id`,`ppp_id`,`value`) VALUES(14,25,5);
INSERT INTO "ppp_qualifications" (`qualification_id`,`ppp_id`,`value`) VALUES(15,25,8);
INSERT INTO "ppp_qualifications" (`qualification_id`,`ppp_id`,`value`) VALUES(16,25,6);
INSERT INTO "ppp_qualifications" (`qualification_id`,`ppp_id`,`value`) VALUES(17,25,5);
INSERT INTO "ppp_qualifications" (`qualification_id`,`ppp_id`,`value`) VALUES(18,25,6);
INSERT INTO "ppp_qualifications" (`qualification_id`,`ppp_id`,`value`) VALUES(19,25,9);
INSERT INTO "ppp_qualifications" (`qualification_id`,`ppp_id`,`value`) VALUES(20,25,9);
INSERT INTO "ppp_qualifications" (`qualification_id`,`ppp_id`,`value`) VALUES(21,25,8);
INSERT INTO "ppp_qualifications" (`qualification_id`,`ppp_id`,`value`) VALUES(22,25,9);
INSERT INTO "ppp_qualifications" (`qualification_id`,`ppp_id`,`value`) VALUES(23,25,8);
INSERT INTO "ppp_qualifications" (`qualification_id`,`ppp_id`,`value`) VALUES(25,25,79);



INSERT INTO `project_configurations` VALUES (1,2,4);
INSERT INTO `project_configurations` VALUES (1,3,4);
INSERT INTO `project_configurations` VALUES (1,4,4);


INSERT INTO `project` VALUES ('cuPID Project','The Carleton Univeristy Project Identifier project is a project for COMP 3004 students to spend sleepless nights while trying to meet requirements specifications, and software design. Register at your own risk.','2015-11-04 02:38:07');
INSERT INTO `project` VALUES ('Just Another Project','Are you a great coder looking for something to sink your teeth into?
Well look no further, cuPID will find you the best project. Just click that register button at the top right corner and we will handle the rest.','2015-11-04 02:52:09');
INSERT INTO `project` VALUES ('COMP 2404 Project','Learn how to make great c++ programs.
Work together in teams of 4 in order to create c++ programs along with embedded user interfaces.','2015-11-04 03:59:25');

